garden botanika.com,1,,,
garden botanika,1,,,
disney direct.com,2,,,
disney store,2,,,
"six flages over georgia
",3,,,
"six flags over georgia
",3,,,
"six flags over georgia
",3,,,
fernbank,4,,,
stone mountain park,5,,,
gwinnette county fair,6,,,
gwinnett county fair,6,,,
pbs.org,7,,,
precious momunts,8,,,
precious moments,8,,,
salute your shorts,9,,,
doug nick,9,,,
"wishbone 1995
",10,,,
precious momounts,8,,,
precious moments,8,,,
willaim kennedy smith,11,,,
william kennedy smith,11,,,
michael lemoyne kennedy,11,,,
michael kennedy,11,,,
robert francis kennedy,11,,,
robert f kennedy jr,11,,,
bobby kennedy jr,11,,,
rfk,11,,,
jfk,11,,,
rfk,11,,,
ted kennedy,11,,,
the kennedy family,11,,,
the kennedy family,11,,,
martha moxley,12,,,
murder in greenwich,12,,,
murder in greenwich martha moxley,12,,,
orphan trains,13,,,
orphans,13,,,
pbs.org,7,,,
kristina coccia,14,,,
carly patterson,14,,,
christy henrich,14,,,
juliasa gomez,14,,,
julissa gomez,14,,,
julissa gomez,14,,,
gymanstics,14,,,
gymanstics,14,,,
eric harris,15,,,
"reb and vodka
",15,,,
reb and vodka,15,,,
eric and dylan,15,,,
eric and dylan,15,,,
william kenendy smith,11,,,
william kennedy smith,11,,,
the kennedys,11,,,
robert kennedy,11,,,
robert francis kenendy,11,,,
robert francis kennedy,11,,,
jfk remembered.com,11,,,
www.jfk remembered.com,11,,,
www.jfkremembered.com,11,,,
jfk,11,,,
dealey plaza,11,,,
robert kennedy jr,11,,,
robert kennedy jr,11,,,
the o.j. simpson story 1995,12,,,
o.j. simpson,12,,,
tom hanks,13,,,
laura ingles wilder,14,,,
little house in the big woods,14,,,
helen georgia,151,,,
helen georgia,151,,,
forest gump 1994,13,,,
litlle house,14,,,
little house,14,,,
for gump 1994,13,,,
forest gump 1994,13,,,
forest gump 1994,13,,,
forest gump 1994,13,,,
carly patterson,14,,,
shannon miller,14,,,
kristina coccia,14,,,
nicole harris,14,,,
carly patterson,14,,,
courtney kupets,14,,,
courtney kupets,14,,,
terra radio,16,,,
terra radio,16,,,
atlanta botinacial gardens,17,,,
atlanta botanical gardens,17,,,
sci trek,18,,,
scitrek,18,,,
scitrek,18,,,
scitrek museum,18,,,
eric harris,15,,,
columbine high school,15,,,
columbine,15,,,
lauren dawn towensend,15,,,
laura dawn townsend,15,,,
laura townsend,15,,,
lauren townsend,15,,,
www.columbine-memorial.org,15,,,
lauren townsend,15,,,
www.columbine-memorial.org,15,,,
lauren dawn townsend,15,,,
lauren townsend,15,,,
lauren dawn townsend,15,,,
laura dawn townsend,15,,,
lauren dawn townsend,15,,,
rachael joy scott,15,,,
rachel joy scott,15,,,
cassie bernall,15,,,
neil entwhistle,20,,,
neil entwistle,20,,,
neil entwistl,20,,,
brandon call,21,,,
step by step,21,,,
"step by step 1991
",21,,,
brandon call,21,,,
bronson pinchot,21,,,
step by step tv show,21,,,
jason marsden,21,,,
william kennedy smith,11,,,
bobby kennedy jr,11,,,
robert francis kennedy,11,,,
michael lemoyne kennedy,11,,,
michael kennedy,11,,,
bobby kennedy jr,11,,,
william kennedy smith,11,,,
steven culp,22,,,
steven culp,22,,,
steven culp,22,,,
steven culp,22,,,
steven culp,22,,,
robert ray,23,,,
robert ray plastic surgern,23,,,
robert ray plastic surgery,23,,,
eric harris,15,,,
reb and vodka,15,,,
dylan klebold,15,,,
eric and dylan,15,,,
ben johnson eric harris zero hour,15,,,
ben johnson eric harris zero hour,15,,,
bobby kennedy,11,,,
bobby kennedy jr,11,,,
bobby kennedy,11,,,
bobby kennedy jr,11,,,
robert francis kennedy,11,,,
william kennedy smith,11,,,
william kennedy smith,11,,,
william kennedy smith,11,,,
michael lemoyne kennedy,11,,,
the kennedy family,11,,,
robert kennedy,11,,,
william kennedy smith,11,,,
william kennedy smith,11,,,
william kennedy smith,11,,,
yahoo,16,,,
yahoo music,16,,,
terra radio,16,,,
yahoo music,16,,,
terra radio,16,,,
yahoo music,16,,,
steven culp,22,,,
steven culp,22,,,
blood fued 1983,11,,,
blood feud 1983,11,,,
john linder,24,,,
http linder.house.gov,24,,,
laura ingles wilder,14,,,
laura ingles wilder,14,,,
mary amiela wilder,14,,,
mary amelia wilder,14,,,
mary ingles,14,,,
laura ingles wilder,14,,,
michael lemoyne kennedy,11,,,
william kennedy smith,11,,,
blood fued 1983,11,,,
blood feud 1983,11,,,
steven culp,22,,,
steven culp,22,,,
samantha parkinton,25,,,
samantha parkington,25,,,
molly micintire,25,,,
molly mcintire,25,,,
dylan bennet klebold,15,,,
dylan bennett klebold,15,,,
cotter smith,26,,,
helen georgia,151,,,
precious memounts,8,,,
precious moments,8,,,
precious moments,8,,,
carly patterson,14,,,
terin humphrey,14,,,
spyaxe,27,,,
quad strengthining,28,,,
quadracep excercise,28,,,
quadricep exercise,28,,,
weak quads problems,28,,,
weak adductors,28,,,
weak adductors,28,,,
sosial security disability portland or.,29,,,
social security disability portland or.,29,,,
indications l3 and l4,30,,,
"l3 and l4
",30,,,
lumbar spine problems l3 l4,30,,,
unable to bend over,30,,,
plan examiner training portland or.,31,,,
belingham washington,32,,,
bellingham washington,32,,,
bellingham washington jobs,32,,,
pilates adductors,28,,,
pelvic center,28,,,
core workout,28,,,
sudoko,33,,,
suduko,33,,,
how to stengthen adductors,28,,,
how to work adductors,28,,,
muscle used when bending over,30,,,
pain when bending over,30,,,
milf,34,,,
oregon mothers want to fuck,34,,,
employment safeway,35,,,
northwest regional council of carpenters,35,,,
opiate detox,36,,,
suduko,33,,,
strengthening adductors,28,,,
tight and weak adductors,28,,,
weak core muscles,28,,,
exercise ball core,28,,,
problems caused by l3 l4,30,,,
diagnosis of l 4 l3,30,,,
worms in cats,37,,,
pilates movement hips,38,,,
hip immobility,38,,,
wikpedia suduko,33,,,
foot pronation,39,,,
hip immobility,38,,,
female masturbation pics,40,,,
lafave teacher pics,40,,,
www.ask.com,41,,,
www.pued.com,41,,,
regain movement in hips,38,,,
hips do not move,38,,,
core exercise,28,,,
exercise for core,28,,,
girl naked exercise,28,,,
relearn proper walking,39,,,
can not spread legs,39,,,
can not abduct legs,39,,,
cannot abduct legs,39,,,
l4 l3 symptoms,30,,,
"social security disability for arthritis
",29,,,
medical help without insurance,30,,,
drugs on line,30,,,
buying narcotics online,30,,,
carisoprodol,30,,,
can pain meds cause pain,30,,,
pain meds cause pain,30,,,
hydrocodone cause pain,30,,,
green taxi portland oregon,42,,,
earnings taxi drive portland oregon,42,,,
how to wean of narcotics,30,,,
drug rehab free oregon,30,,,
pain caused by narcotics,30,,,
www.pued.com,41,,,
movements that loosen hip joint,38,,,
tai chi loosen hip joint,38,,,
tai chi hips,38,,,
tai chi troutdale oregon,38,,,
public nudity,40,,,
uncensored nudes,40,,,
mothers shower,40,,,
mothers shower naked,40,,,
mothers shower,40,,,
teens shower naked,40,,,
beaver shot naked,40,,,
tila tequila,38,,,
pliates instruction,38,,,
pilates instruction,38,,,
how to use www for information,43,,,
how to use the internet,43,,,
how to do pilates,38,,,
effects of tide on columbia river,44,,,
does ocean tide affect columbia river,44,,,
video proffesor,45,,,
video professor,45,,,
how to get info on www.,43,,,
using the www.,43,,,
pilates,38,,,
www.galleyhost.com,46,,,
www.galleryhost.com,46,,,
www.galleyhost.com,46,,,
www.galleryhost.com,46,,,
www.google.com,43,,,
www.maestro toys.com,47,,,
www.maestrotoys.com,47,,,
pilates,38,,,
pilatesinstruction pics,38,,,
pilates instruction pics,38,,,
pics womens legs apart,40,,,
muscles used to crawl,28,,,
muscles used to crawl on knees,28,,,
crawling knees muscles,28,,,
crawling muscle rehab,28,,,
www.workinginoregon.org ocs,38,,,
nascar,38,,,
www.pilatesteacher.com,38,,,
pilates information,38,,,
psoas weak,38,,,
ass lickers pics,40,,,
thomas test,38,,,
therapy for fixed flexion deformity,38,,,
hip fixed flexion deformity,38,,,
hip fixed flexion deformity therapy,38,,,
therapy fixed flexible hip deformity,38,,,
tight inflexable psoas,38,,,
tight inflexible psoas,38,,,
upper cross syndrome,38,,,
lower cross syndrome,38,,,
lower cross syndrome exercises,38,,,
hip flexor exercises,38,,,
rp,48,,,
eye diseases,48,,,
eye diseasese,48,,,
map quest,49,,,
fromm puppy dog food,50,,,
hills dog food,50,,,
chattanoga tennesee st jude telethone,51,,,
chattanooga tennessee st jude telethon,51,,,
st jude telethone,51,,,
st jude telethon,51,,,
us101 radio station,51,,,
us 101 radio station,51,,,
us 101 radio station chattanoga tennesee,51,,,
us 101 radio station chattanooga tennessee,51,,,
ladypurple,52,,,
lady purple,52,,,
ladypurple,52,,,
lady purple,52,,,
patterson ny,53,,,
guide horse,53,,,
guide horse schools,53,,,
the cost of haveing a horse in new york,53,,,
the cost of having a horse in new york,53,,,
what does it cost to have a horse in new york,53,,,
cost to have a horse,53,,,
farm houses for rent in broom county,54,,,
farm houses for rent in broome county,54,,,
velvie revolver,55,,,
velvet revolver,55,,,
house rentals in binghamton new york,54,,,
binghamton new york newspaper,54,,,
purinao.n.e.,50,,,
purina,50,,,
house rentals,54,,,
aparments,54,,,
apartments,54,,,
remax realeters,54,,,
remax realtors,54,,,
the cost of haveing a horse,53,,,
the cost of haveing a horse and the care,53,,,
what is a guide dog,56,,,
what is a guide dog for the blind,56,,,
gow my guide dog helps me,56,,,
how my guide dog helps me,56,,,
list all eye diseases,48,,,
guiding eyes,48,,,
guiding eyes breeding center,48,,,
labradors for sale,56,,,
binghamton newspaper,54,,,
binghamton newspaper,54,,,
binghamton newspaper,54,,,
game house,57,,,
mahjong garden,57,,,
elder beatles,58,,,
box elder beatles,58,,,
game house,57,,,
pogo,57,,,
mahjong garden,57,,,
list all eye diseases that are caused by birds,48,,,
pet depo,56,,,
pet smart,56,,,
pet stores,56,,,
super pages,59,,,
super pages,59,,,
andy williams,60,,,
dean martin,60,,,
game house,57,,,
mahjong garden,57,,,
hisloplasmosis,48,,,
histoplasmosis,48,,,
histoplasmosi ey,48,,,
project paw inc,56,,,
the show house,61,,,
very sexy boys,62,,,
very sexy hot boys,62,,,
sexy boys,62,,,
boys shrithless,62,,,
boys shirtless,62,,,
hot boys shirtless,62,,,
sugar free engery fuel,63,,,
sugar free energy fuel,63,,,
swicth board,64,,,
switchboard,64,,,
listen to lotta love,65,,,
listen to nicolette larson lotta love,65,,,
aol.clo,66,,,
aol..com,66,,,
jason whael,62,,,
jason wahl,62,,,
jason wahler,62,,,
jason wahler shirtless,62,,,
jason wahler,62,,,
ryan gosling,67,,,
ryan gosling cont,67,,,
ryan gosling contact,67,,,
spin and win,68,,,
listen ot crazy frog,69,,,
listen to crazy frog,69,,,
listen to lotta love,65,,,
listen to lotta love nickltte larson,65,,,
listen to lotta love nicolette larson,65,,,
asos,70,,,
karmaloop,70,,,
buckle inc,70,,,
ifashionmall,70,,,
urban outfitters,70,,,
karmaloop,70,,,
lynn item,71,,,
mass.lottery,71,,,
revolve clothing,70,,,
karmaloop,70,,,
asos,70,,,
buckle inc,70,,,
karmaloop,70,,,
urban outfitters,70,,,
ifashionmall,70,,,
lowell sun,72,,,
mass.lottery,71,,,
billerica minute man,72,,,
nhra,74,,,
buckle inc,70,,,
asos,70,,,
karmaloop,70,,,
urban outfitters,70,,,
ifashionmall,70,,,
revolve clothing,70,,,
earl woven jeans,70,,,
mens earl woven jeans,70,,,
universal gear,70,,,
lynn item,71,,,
asos,70,,,
lowell sun,72,,,
billerica minute man,72,,,
buckle inc,70,,,
karmaloop,70,,,
urban outfitters,70,,,
ifashionmall,70,,,
revolve clothing,70,,,
buckle inc,70,,,
karmaloop,70,,,
urban outfitters,70,,,
ifashionmall,70,,,
asos,70,,,
z-brand,70,,,
relic riccardi,70,,,
motley,70,,,
z-brand motley,70,,,
z-brand chantal,70,,,
z-brand,70,,,
z-brand great put on,70,,,
z-brand sports odyssey,70,,,
mass.lottery,71,,,
buckle inc,70,,,
karmaloop,70,,,
billy lane,73,,,
asos,70,,,
buckle inc,70,,,
ifashionmall,70,,,
karmaloop,70,,,
z-brand chantal,70,,,
lynn item,71,,,
z-brand motley,70,,,
asos,70,,,
lucky brand,70,,,
buckle inc,70,,,
karmaloop,70,,,
revolve clothing,70,,,
universal gear,70,,,
g-star camo,70,,,
lowell sun,72,,,
lowell sun,72,,,
lowell sun,72,,,
billerica minute man,72,,,
buckle inc,70,,,
karmaloop,70,,,
urban outfitters,70,,,
guess jeans,70,,,
asos,70,,,
ifashionmall,70,,,
home depot,75,,,
buckle inc,70,,,
karmaloop,70,,,
urban outfitter,70,,,
asos,70,,,
buckle inc,70,,,
karmaloop,70,,,
urban outfitters,70,,,
asos,70,,,
ifashionmall,70,,,
mass.lottery,71,,,
metlife,76,,,
lynn item,71,,,
buckle inc,70,,,
ifashionmall,70,,,
karmaloop,70,,,
urban outfitters,70,,,
asos,70,,,
revolve clothing,70,,,
karmaloop,70,,,
futurgarb,70,,,
ifashionmall,70,,,
nhra,74,,,
lowell sun,72,,,
karmaloop,70,,,
urban outfitters,70,,,
mass.lottery,71,,,
asos,70,,,
buckle inc,70,,,
ifashionmall,70,,,
karmaloop,70,,,
urban outfitters,70,,,
revolve clothing,70,,,
triple 5 soul clothing,70,,,
lowell sun,70,,,
karmaloop,70,,,
z-brand chantal,70,,,
ups tracking,70,,,
guess factory,70,,,
guess jeans,70,,,
mass.lottery,71,,,
asos,70,,,
karmaloop,70,,,
buckle inc,70,,,
ifashionmall,70,,,
lynn item,70,,,
buckle inc,70,,,
asos,70,,,
karmaloop,70,,,
urban outfitters,70,,,
ifashionmall,70,,,
revolve clothing,70,,,
lowell sun,70,,,
united health care,77,,,
g.e. united health care,77,,,
buckle inc,70,,,
asos,70,,,
karmaloop,70,,,
ufc,78,,,
mass.lottery,71,,,
buckle inc,70,,,
ifashionmall,70,,,
karmaloop,70,,,
urban outfitters,70,,,
revolve clothing,70,,,
asos,70,,,
buckle inc,70,,,
karmaloop,70,,,
ifashionmall,70,,,
urban outfitters,70,,,
lynn item,71,,,
buckle inc,70,,,
asos,70,,,
karmaloop,70,,,
urban outfitters,70,,,
hollister,70,,,
lowell sun,72,,,
nhra,74,,,
buckle inc,70,,,
buckle inc,70,,,
karmaloop,70,,,
urban outfitters,70,,,
ifashionmall,70,,,
buckle inc,70,,,
mass.lottery,71,,,
lynn item,71,,,
ifashionmall,70,,,
buckle inc,70,,,
karmaloop,70,,,
urban outfitters,70,,,
bagga menswear,70,,,
asos,70,,,
zappos,70,,,
asos,70,,,
karmaloop,70,,,
urban outfitters,70,,,
g-string,70,,,
guess factory,70,,,
lowell sun,72,,,f
sears,70,,,
buckle inc,70,,,
karmaloop,70,,,
revolve clothing,70,,,
ifashionmall,70,,,
ups tracking,77,,,
buckle inc,70,,,
mass.lottery,71,,,
buckle inc,70,,,
karmaloop,70,,,
family healthplus,77,,,
travelocity,79,,,
hotmail,80,,,
ebay,81,,,
resurrection ascension church in rego park queens,82,,,
razr phone has lines across screen,83,,,
my razr phone has lines across screen,83,,,
channel j12,84,,,
channal j12 watch,84,,,
channel j12 watch,84,,,
channel.com,84,,,
chanel j12,84,,,
york photo,85,,,
world poker tour,86,,,
eli elezra,86,,,
eli elezra's address,86,,,
eli elezra,86,,,
commerce online,87,,,
hotjobs.cm,88,,,
ny daily news,89,,,
el diario,89,,,
just jared,89,,,
egotastic,89,,,
ny lotto,90,,,
7 eleven,91,,,
commerce online,87,,,
carol wright gifts,87,,,
nadine purdy,92,,,
purdy girl,92,,,
commerce online,87,,,
astoria federal,87,,,
just jared,89,,,
egotastic,89,,,
popsugar,89,,,
commerce online,87,,,
pancreas,93,,,
what does pancreas do,93,,,
girls club of new york,94,,,
cnn.com,89,,,
ny daily news,89,,,
ny daily news,89,,,
imette st. guillen,95,,,
scott trade,96,,,
reegaton top ten,97,,,
reegaeton top ten,97,,,
reggaeton top ten,97,,,
rythmic shes,98,,,
rythmic shoes,98,,,
capezio,98,,,
half shoe for gymnastics,98,,,
bleyer rythmic gymnastics shoe,98,,,
gymnastic rythmic half shoes,98,,,
gymnastic caps,98,,,
viking spas,99,,,
harrows clearance center,99,,,
reflections vscru52a,99,,,
reflections vscru52a spa,99,,,
jacuzzi jpj355x120,99,,,
jacuzzi,99,,,
down east spas,99,,,
gymnastic rythmic shoes,98,,,
gymnastic rythmic shoes,98,,,
capezio,98,,,
half cap shoe,98,,,
grishko,98,,,
capezio pirouette for children,98,,,
yahoo shopping,100,,,
yahoo shopping,100,,,
putting house in minor's name,101,,,
putting assests in children's names,101,,,
putting assets in children's names,101,,,
should i travel to africa with my child,102,,,
traveling to africa with children,102,,,
bleyer toe slipper,98,,,
gymnastic shoes,98,,,
gymnastic toe slippers,98,,,
www.girlzthing.net,98,,,
gymnastic shoes,98,,,
rythmic shoes,98,,,
iwa shoes,98,,,
bleyer toe caps,98,,,
bleyer shoes,98,,,
bleyer slippers,98,,,
gibson sports,98,,,
commerce online,87,,,
astoria federal savings,87,,,
citigroup,87,,,
capezio,98,,,
capezio pirouette,98,,,
lying on healthplus application,77,,,
what if my income increases while i am enrolled in family healthplus,77,,,
albi clad 800,103,,,
fireproofing mastic,103,,,
fireproofing mastic ny,103,,,
fireproofing mastic suppliers ny,103,,,
psychologist leshan,104,,,
psychologist era leshan,104,,,
music composer brian ambient,105,,,
musical note below b,105,,,
1950's political mongrams,106,,,
1950's political candidates,106,,,
1950's political president candidates,106,,,
adelaid stevenson,106,,,
adelaid stevenson for president,106,,,
controversial fruit spray,107,,,
controversial fruit spray adar,107,,,
fruit spray alar,107,,,
baseballer's stickum,108,,,
baseballers stickum,108,,,
universal product identifier,109,,,
universal merchandise identifier,109,,,
dol. parts,110,,,
dol. parts points,110,,,
first name in soul,111,,,
first name in soul eretha,111,,,
alaska state map,112,,,
alaska state map niniltna,112,,,
niniltna alaska park or fiction,112,,,
over 400 million of them made since 1932,113,,,
zippo lighters 1932 over 400 million made,113,,,
crayola color since 1957,114,,,
crayola color introduced in 1957,114,,,
hops dryer,115,,,
hops dryer oast,115,,,
ooma chaplin,116,,,
chaplin,116,,,
chaplin wife,116,,,
recipes salmon entree,117,,,
recipes salmon glazes,117,,,
evil women group,118,,,
evil women song group,118,,,
evil women eno,118,,,
trojan rival,119,,,
trojan rival bruin,119,,,
mendelssohn symphony no. 3 key,120,,,
mendelssohn symphony no. 3 e minor key,120,,,
cbs sunday host charles,121,,,
charles ii mistress nell,121,,,
1950's 1960's senator tennessee,122,,,
1950's 1960's senator byrd tennessee,122,,,
senator tennessee robert byrd,122,,,
tennessee senator,122,,,
tennessee senator tyre,122,,,
spartacus oscar winmner,123,,,
spartacus oscar winner,123,,,
1954 east coast hurricane edna,124,,,
madre's hermana,125,,,
mexican to english dictionary,125,,,
spanish hermana,125,,,
inirt dictionary,125,,,
inert dictionary,125,,,
iris uvea,126,,,
composer satie,127,,,
b brandenburg concerti composer,127,,,
indonesian island timnr,128,,,
indonesian island timnr,128,,,
indonesian island timer,128,,,
ny yankee nickname aro,129,,,
ny yankee nickname arno,129,,,
ny yankee nickname arno,129,,,
ny yankee nickname areo,129,,,
novelist out of africa,130,,,
novelist out of africa dineson,130,,,
luanda,131,,,
benedictine title,132,,,
benedictine title dom,132,,,
new york yankee aroo,129,,,
new york yankee nickname aroo,129,,,
new york yankee nickname arod,129,,,
indonesian island,128,,,
kokomo indiana,133,,,
kokomo indiana dime,133,,,
kokomo indiana demo,133,,,
newt babe,134,,,
newt-born babe,134,,,
newt born babe,134,,,
newt baby,134,,,
matchsticks game,135,,,
matchsticks game,135,,,
matchsticks game nim,135,,,
yahooligans,136,,,
sesamestreetcentral,136,,,
sesamestreet,136,,,
funbrain,136,,,
nickelodeon,137,,,
yahooligans,136,,,
lego,136,,,
indian rhinoceros,138,,,
rhinoceros,138,,,
rhino,138,,,
indian rhino,138,,,
indian rhinoceros,138,,,
rhinoceros,138,,,
indian rhinoceros,138,,,
indian rhino,138,,,
thewiggles,136,,,
playhousedisney,136,,,
lego,136,,,
nickjr,136,,,
indian rhino,138,,,
tammt,136,,,
tammatown,136,,,
tamagochietown,136,,,
tamagochi game,136,,,
tamagochie.com,136,,,
yahooligans,136,,,
nickjr,136,,,
indian rhino,138,,,
tamagohchi,136,,,
tamagochie games,136,,,
tamagohchi,136,,,
tamagochie games,136,,,
indian rhino,138,,,
yahoo,136,,,
tagochie town,136,,,
tamagotchitown,136,,,
indian rhino,138,,,
noggin,136,,,
lego,136,,,
nick,136,,,
balamory,139,,,
nick,136,,,
readysetlearn,139,,,
tamagotchitown,136,,,
hotwheels,140,,,
thomasthetankengin,139,,,
thomasthetankengine,139,,,
sesamestreet,136,,,
generalhospitalhappeningstwo,141,,,
playhousedisney,136,,,
nickjr,136,,,
nick,136,,,
indian rhino,138,,,
nickelodeon,139,,,
lazyboy,142,,,
land for sale in michigan,143,,,
world wide red light district,144,,,
celeb sex tapes,144,,,
acreage for sale in michighan,143,,,
acreage for sale in michigan,143,,,
for sale by owner land,143,,,
the best cheep wrinkle corrector,145,,,
the best cheap wrinkle corrector,145,,,
serling homes,146,,,
serling brand modular homes,146,,,
american manufactured living,146,,,
sterling brand homes,146,,,
sterling,146,,,
deception cream,145,,,
deception cream before and afters,145,,,
kohls,145,,,
web md,147,,,
rash,147,,,
rash from baby oil,147,,,
can baby oil cause a rash,147,,,
prickly heat,147,,,
how to clear up prickly heat fast,147,,,
can baby oil cause a prickly heat,147,,,
how to clear up prickly heat,147,,,
how to clear up prickly heat on adult,147,,,
adult prickly heat,147,,,
view yahoo profiles,148,,,
yahoo,148,,,
yahoo personals,148,,,
american living,146,,,
american manufactured living,146,,,
m.a.d.d. videos,149,,,
motorcyclist impalles,149,,,
motorcyclist impalled,149,,,
motorcyclist impaled,149,,,
motorcyclist impaled by fence,149,,,
motorcyclist impaled by fence and lives,149,,,
motorcyclist accidents,149,,,
pictures of motorcycle accidents,149,,,
gwen stafani,150,,,
gwen stefani,150,,,
gwen stefani pictures,150,,,
how could this happen to me,150,,,
ottawashoreshumanesocietey.com,151,,,
ottawa shores humane societey,151,,,
ottawa shores humane society,151,,,
missing dog,152,,,
american idol,152,,,
west ottawa class of 1999,154,,,
west ottawa class of 1999,153,,,
west ottawa class of 1999 pictures,153,,,
danny berry,155,,,
www.dmc.com,156,,,
www.dmc.org,156,,,
aruther ash,157,,,
arthur ash,157,,,
authur ash,157,,,
arthur ash,157,,,
aruther ash,157,,,
arthur ash,157,,,
arthur ash biography,157,,,
arthur ashe biography,157,,,
wrestlemania 22 prediction 2006,158,,,
wrestlemania 22 new prediction 2006,158,,,
wrestlemania 22 prediction 2006,158,,,
wrestlemania 22 new prediction 2006,158,,,
wrestlemania 22 prediction 2006,158,,,
wrestlemania 22 new prediction 2006,158,,,
wrestlemania 22 prediction 2006,158,,,
wrestlemania 22 new prediction 2006,158,,,
wwe news headlines,158,,,
wwe,158,,,
wilma rodolf biogrphy,159,,,
wilma rudolph biography,159,,,
photos of wilma rodolf,159,,,
photos of wilma rudolf,159,,,
information about wilma rodlof,159,,,
information about wilma redlof,159,,,
information about wilma rodolf,159,,,
information about wilma rudolf,159,,,
photos of arhtur ashe,157,,,
photos of arthur ashe,157,,,
wwe news headlines,158,,,
wrestlemania 22 2006 prediction,158,,,
newest wrestlemania 22 prediction 2006,158,,,
wwe news headlines,158,,,
newest wrestlemania 22 prediction 2006,159,,,
newest wrestlemania 22 prediction 2006,159,,,
newest wrestlemania 22 prediction 2006,159,,,
wwe news headlines,159,,,
randy orton,159,,,
randy orton kurt angle wrestlemania 22,159,,,
randy orton,159,,,
randy orton kurt angle wrestlemania 22,159,,,
randy orton,159,,,
randy orton kurt angle wrestlemania 22,159,,,
randy orton kurt angle wrestlemania 22,159,,,
randy orton kurt angle wrestlemania 22,159,,,
antidepressant patch,160,,,
lyrics for anymore by travis tritt,161,,,
academy awards,162,,,
predictions for oscar winners,162,,,
strontium,163,,,
hydroicell,164,,,
hydricell,164,,,
hydricell verticillata,164,,,
zenith tvs,165,,,
zenith 50 inch tvs,165,,,
ultimate electronics,165,,,
walmart,166,,,
rubbermaid containers,166,,,
lowes,166,,,
walmart,166,,,
rubbermaid containers,166,,,
home theatre,167,,,
oriental rugs for sale in tulsa,168,,,
aminis galleria,168,,,
oriental rugs,168,,,
oscar predictions,162,,,
thomasville,169,,,
thomasville kings landing cocktail tables,169,,,
lane cocktail tables,169,,,
stanley cocktail tables,169,,,
mathis brothers,169,,,
fairmont designs furniture,169,,,
glass top cocktail tables,169,,,
stained glass globes for ceiling fan,170,,,
dale tiffany lights,170,,,
ultimate electronics,165,,,
bose home theater,167,,,
loan ammoritization,171,,,
loan ammoritization calculator,171,,,
john yanni christopher arrest picture,172,,,
smoking gun.com,172,,,
dr. hart,173,,,
lvi,173,,,
beeline furniture,174,,,
mathis brothers.com,169,,,
mathis brothers,169,,,
pulaski.com,169,,,
pulaskifurniture.com,169,,,
bakers street by pulaski,169,,,
22 bakers street by pulaski,169,,,
zenith,165,,,
lg,165,,,
beeline furniture,174,,,
milnacipran,175,,,
domperidome,176,,,
yahoo,13,,,
usa today,177,,,
free clinic in bartlesville ok,178,,,
green country free clinic,178,,,
washington county medical,178,,,
washington county ok medical,178,,,
medical director of washington country ok,178,,,
cindy pribil,178,,,
bartlesville ok medical,178,,,
bill pierson,179,,,
pierson william riley,179,,,
william pierson,179,,,
yamaha home theatre in a box,167,,,
ultimate electronics,167,,,
the sound station in bartlesville ok,167,,,
audio stores in tulsa ok,167,,,
best buy,167,,,
sears,167,,,
lg hdtv,167,,,
us cellular,180,,,
dictionary,181,,,
amazon,182,,,
iowa,183,,,
mapquest,183,,,
garland schools,184,,,
20 ft motor homes,185,,,
20 ft motorhomes,185,,,
rv's,185,,,
vanguard,185,,,
jamaica,186,,,
beeline furniture,186,,,
book the fules,187,,,
book the rules,187,,,
xanax,188,,,
barton creek,189,,,
barton creek weddings,189,,,
hotmahup.com,190,,,
hotmatchup.com,190,,,
easeloanforyou.com,191,,,
www.easeloanforyou.com,191,,,
123onlinecash.com,191,,,
mycashnow.com,191,,,
hotmatchup.com,190,,,
imatchup.com,190,,,
hotmatchup.com,190,,,
nationalcash.com,191,,,
myappleloan.com,191,,,
hotmatchp.com,190,,,
hotmatchup.com,190,,,
inboxdollars.com,191,,,
mydollarshop.com,191,,,
imatchup.com,190,,,
hotmatchup.com,190,,,
www.masspayouts com,191,,,
www.masspayouts com,191,,,
fusioncash.net,191,,,
hotmatchup.com,190,,,
imatchup.com,190,,,
www.masspayouts.com,191,,,
www.masspayouts com,191,,,
fusioncash.net,191,,,
www.masspayouts.com,191,,,
fusioncash.net,191,,,
nationalcash.com,191,,,
fusioncash.net,191,,,
www.masspayuts.com,191,,,
fusioncash.net,191,,,
www.masspayouts.com,191,,,
hotmatchup.com,190,,,
imatchup.com,190,,,
imatchup.com,190,,,
zogo.com,190,,,
plentyoffish.com,190,,,
hotmatchup.com,190,,,
hotmatchup.com,190,,,
myollarshop.com,191,,,
mydollarshop.com,191,,,
http; mydollarshop123.com,191,,,
http rodwill123.mydollarshop.com,191,,,
mydollarshop.com,191,,,
ingdirect.com,191,,,
ingdirect.com,191,,,
inboxdollars.com,191,,,
hotmatchup.com,190,,,
imatchup.com,190,,,
hotmatchup.com,190,,,
clickbank.com,191,,,
www.masspayouts.com,191,,,
hotmatchup.com,190,,,
imatchup.com,190,,,
hotmatchup.com,190,,,
imatchup.com,190,,,
hotmatchup.com,190,,,
fusioncash.net,191,,,
www.masspayouts.com,191,,,
www.masspayouts.com,191,,,
creditattorney.com,191,,,
www.bankofamerica.com,191,,,
infusioncash.com,191,,,
fusioncashnet.com,191,,,
nationalcash.com,191,,,
emigrantdirect.com,191,,,
fusioncashnet.com,191,,,
fusioncash.com,191,,,
imatchup.com,190,,,
hoymatchup.com,190,,,
mydollarshop,191,,,
mydollarshop.com,191,,,
mydollarshop.com,191,,,
inboxdollars.com,191,,,
providian.com,191,,,
fusioncash.com,191,,,
hotmatchup.com,190,,,
zogo.com,192,,,
capital.com,191,,,
northforkbank.com,191,,,
capitalone.com,191,,,
bankofamerica.com,191,,,
hotmatchup.com,190,,,
hotmatchup.com,190,,,
blair.com,191,,,
fusioncash.com,191,,,
hotmatchup.com,190,,,
hotmatchup.com,190,,,
fusioncash.com,191,,,
www.creditservicescreditplusrewards.com,194,,,
www.creditplusrewards.com,194,,,
creditplusrewards.com,194,,,
www.creditplusreward.com,194,,,
www.creditplusrewards.com,194,,,
creditplusrewards.com,194,,,
creditplusrewards.com,194,,,
www.creditservicesrewards.com,194,,,
www.creditservices.com,194,,,
www.creditrewardsservices.com,194,,,
www.creditrewards.com,194,,,
wwwcreditplus.com,194,,,
www.creditplusrewards.com,194,,,
www.creditplusservices.com,194,,,
www.creditplusrewardsservices.com,194,,,
aspirecard.com,194,,,
www.creditonebank.com,194,,,
hotmatchup.com,190,,,
imatchup.com,190,,,
imachup.com,190,,,
imatchup.com,190,,,
www.masspayouts.com,191,,,
hsncharge.com,191,,,
blair.com,191,,,
blair.com,191,,,
hsn.com,191,,,
inboxdollars.com,191,,,
bankofamerica.com,191,,,
capitalone.com,191,,,
orchardbank.com,191,,,
capitalone.com,191,,,
providian.com,191,,,
bankofamerica.com,191,,,
hotmatchup.com,190,,,
hoymatchup.com,190,,,
hotmatchup.com,190,,,
imatchup.com,190,,,
survey.com,193,,,
www.masspayouts.com,191,,,
inboxdollars.com,191,,,
hotmatchup.com,190,,,
imatchup.com,190,,,
fusioncash.com,191,,,
pandareseach.com,191,,,
www.pandareseach.com,191,,,
pandareseach.com,191,,,
surveyspandaresearch.com,191,,,
www.surveyspandaresearch.com,191,,,
pandaresearch.com,191,,,
hotmatchup.com,190,,,
pandareseach.com,191,,,
pandaresearch.com,191,,,
hotmatcup.com,190,,,
pandaresearch.com,191,,,
hoymatchup.com,190,,,
hotmatchup.com,190,,,
pandaresearch.com,191,,,
hoymatchup.com,190,,,
hotmatchup.com,190,,,
fusioncash.com,191,,,
pandareseach.com,191,,,
pandaresearch.com,191,,,
inboxdollars.com,191,,,
pandaresearch.com,191,,,
mydollarshop.com,191,,,
imatchup.com,190,,,
mydollarshop.com,191,,,
kitkitcash.com,191,,,
kitcatcash.com,191,,,
tiktikcash.com,191,,,
hotmatchup.com,190,,,
imatchup.com,190,,,
hotmatchup.com,190,,,
tiktikcash.com,191,,,
inboxdollars.com,191,,,
pandaresearch.com,191,,,
mate1.com,196,,,
inboxdollars.com,191,,,
pandaresearch.com,191,,,
tiktikcash.com,191,,,
hotmatchup.com,190,,,
tiktikcash.com,191,,,
fusioncash.com,191,,,
www.bankofamerica.com,194,,,
www.creditplusrewards.com,194,,,
creditplusrewards.com,194,,,
emigrantdirect.com,194,,,
kitcatcash.com,191,,,
fusioncash.com,191,,,
inboxdollars.com,191,,,
pandareserch.com,191,,,
pandaresearch.com,191,,,
hotmatchup.com,190,,,
imachup.com,190,,,
imatchup.com,190,,,
true.com,190,,,
northforkbank.com,191,,,
www.masspayouts.com,191,,,
tiktikcash.com,191,,,
www.masspayouts.com,191,,,
pandaresearch.com,191,,,
www.providentbank.com,191,,,
www.providianbank.com,191,,,
providianbank.com,191,,,
www.providianbank.com,191,,,
providian.com,191,,,
orchardbank.com,191,,,
creditonebank.com,191,,,
hotmatcup.com,190,,,
hotmatchup.com,190,,,
imatchup.com,190,,,
inboxdollars.com,190,,,
tiktikcash.com,191,,,
imatchup.com,190,,,
www.masspayouts.com,191,,,
pandaresearch.com,191,,,
tiktikcash.com,191,,,
inboxdollars.com,191,,,
ww.masspayouts.com,191,,,
www.masspayouts.com,191,,,
mydollarstore.com,191,,,
mydollarshop.com,191,,,
imatchup.com,190,,,
hotmatchup.com,190,,,
www.masspayouts.com,191,,,
tiktikcash.com,191,,,
pandaresearch.com,191,,,
mydollarshop.com,191,,,
ameriloanloan.com,191,,,
ameriloan.com,191,,,
hotmatchup.com,190,,,
northforkbank.com,191,,,
ameriloan.com,191,,,
www.masspayouts.com,191,,,
www.masspayots.com,191,,,
hotmatchup.com,190,,,
ameriloan.com,191,,,
www.masspayouts.com,191,,,
hotmatchup.com,190,,,
northforkbank.com,191,,,
ameriloan.com,191,,,
www.providianbank.com,191,,,
providian.com,191,,,
www.bankofamerica.com,191,,,
pandaresearch.com,191,,,
tiktikcash.com,191,,,
hotmatchup.com,190,,,
imatchup.com,190,,,
mydollarshop.com,191,,,
aspirecard.com,191,,,
creditonebank.com,191,,,
capitalone.com,191,,,
infusion.com,191,,,
infusioncash.com,191,,,
infusioncash.net,191,,,
fusioncash.com,191,,,
cashinyourhandtoday.com,191,,,
canhinyourhand.com,191,,,
ingdirect.com,191,,,
orchardbank.com,191,,,
northforkbank.com,191,,,
plentyoffish.com,190,,,
true.com,190,,,
fusioncash.com,191,,,
ingdirect.com,191,,,
capital.com,191,,,
infusion.com,191,,,
fusioncash.com,191,,,
www.masspayouts.com,191,,,
inboxdollars.com,191,,,
tiktikcash.com,191,,,
www.masspayouts.com,191,,,
hotmatchup.com,190,,,
mydollarshop.com,191,,,
mydollarshop.com,191,,,
www.masspayouts.com,191,,,
fusioncash.com,191,,,
pandareseach.com,191,,,
pandaresearch.com,191,,,
fusioncash.com,191,,,
hotmatchup.com,190,,,
hotmatchup.com,190,,,
hotmatchup.com,190,,,
imatchup.com,190,,,
hotmatchup.com,190,,,
www.masspayouts.com,191,,,
fusioncash.com,191,,,
www.fusioncash.com,191,,,
fusioncash com,191,,,
northforkbank.com,191,,,
hotmatchup.com,190,,,
aspirecard.com,191,,,
northforkbank.com,191,,,
fusioncash com,191,,,
hotmatchup.com,190,,,
hotmatchup.com,190,,,
hotmatchup.com,190,,,
www.masspayouts.com,191,,,
fusioncash com,191,,,
www.masspayouts.com,191,,,
pandaresearch.com,191,,,
tiktikcash.com,191,,,
titcash.com,191,,,
hottmatchup.com,190,,,
hotmatch.com,190,,,
hotmatchup.com,190,,,
northforkbank.com,191,,,
inboxdollars.com,191,,,
mydollarshop.com,191,,,
hotmatchup.om,190,,,
hotmatchup.com,190,,,
imatchu.com,190,,,
imatchup.com,190,,,
zogo.com,190,,,
hotmatchup.om,190,,,
plentyoffish.com,190,,,
hatchup.com,190,,,
hotmatchup.com,190,,,
can not sleep with snoring husband,195,,,
cannot sleep with snoring husband,195,,,
jackie zeaman nude,196,,,
jackie zeman nude,196,,,
how to kill mockingbirds,197,,,
how to kill annoying birds in your yards,197,,,
how to rid your yard of noisy annoying birds,197,,,
how do i get mocking birds out of my yard,197,,,
how do i get mockingbirds out of my yard,197,,,
how to get rid of noisy loud birds,197,,,
beth moore,198,,,
judy baker ministries,198,,,
online friendships can be very special,199,,,
online friendships,199,,,
people are not always how they seem over the internet,199,,,
friends online can be different in person,199,,,
community christian church houston tx,200,,,
gay churches in houston tx,200,,,
community gospel church in houston tx,200,,,
houston tx is one hot place,201,,,
houston tx is one hot place to live,201,,,
white hard dry skin on face,202,,,
white heads,202,,,
pimple that wont go away with white hard skin over it,202,,,
pimple that gets white and hard,202,,,
pimple that gets white head on it and never goes away,202,,,
cruises to the bahamas suck,203,,,
cruises from port canaverel florida to the bahamas,203,,,
cruises from port canaveral florida to the bahamas,203,,,
can pre menopause cause sleeplessness,204,,,
can peri menopause cause sleeplessness,204,,,
can perimenopause cause sleeplessness,204,,,
who is crystal bernard romantically linked with,205,,,
is crystal bernard bisexual,205,,,
larry the cable guy's new movie,206,,,
larry the cable guy.com,206,,,
larry the cable guy's new movie,206,,,
men need encouragement,207,,,
men need a womans love,207,,,
did anyone ever tell you how proud of you they are,208,,,
i'm so proud of you,208,,,
loyds photgraphy houston tx,209,,,
lolyds photgraphy houston tx,209,,,
lloyds photography houston tx,209,,,
pt girls,210,,,
pt girls at jazzercise,210,,,
lyrics to cheryl crow's this is home,211,,,
sheryl crow lyrics,211,,,
how many online romances lead to sex,199,,,
how many online romances lead to sex in person,199,,,
jokes for probation officers,212,,,
moms are smarter email joke,212,,,
be ye kind to one another,213,,,
scriptures that teach siblings to be kind to one another,213,,,
be ye kind to one another,213,,,
scriptures that teach kindness to one another,213,,,
the bible says be kind to one another,213,,,
sixstring.org,214,,,
six string.org,214,,,
mansfield news journal,215,,,
news 2 houston,215,,,
is there anything you can put in the back of shoes to make the heels not slip,216,,,
something to put in shoes that are too big,216,,,
heels of my shoes are too big,216,,,
women with curvy bodies,217,,,
men like women with curvy bodies,217,,,
women with curvy bodies,217,,,
buckhorn bar san antonio tx,218,,,
buckhorn muesum and saloon prices,218,,,
buckhorn museum and saloon prices,218,,,
el macardo san antonio tx,218,,,
el mercado san antonio tx,218,,,
fingers furniture,219,,,
gallery furniture,219,,,
tl1.galleryfurniture.com,219,,,
a pimple that wont hea,202,,,
a pimple that wont heal,202,,,
white bump or pimple on face with skin over it,202,,,
white bump on my face,202,,,
signs of skin cancer,220,,,
doctor phil's wife robin is a horrible speaker,221,,,
i cant stand dr. phil or his wife,221,,,
omni hotel san antonio tx,222,,,
la quinta san antonio tx,222,,,
sea world of texas,223,,,
address to sea world of texas,223,,,
omni hotel san antonio tx,222,,,
houston tx,224,,,
yahoo travel reviews on houston tx.,224,,,